{
  "main": {
    "id": "be113d3674acb75b",
    "type": "split",
    "children": [
      {
        "id": "bf37dfb69800fd04",
        "type": "tabs",
        "children": [
          {
            "id": "fb88d78a3a1324d0",
            "type": "leaf",
            "state": {
              "type": "markdown",
              "state": {
                "file": "community-and-spiritual-life/index.md",
                "mode": "source",
                "source": false
              },
              "icon": "lucide-file",
              "title": "index"
            }
          }
        ]
      }
    ],
    "direction": "vertical"
  },
  "left": {
    "id": "eee09bebe1ae4c85",
    "type": "split",
    "children": [
      {
        "id": "677d579c118309c0",
        "type": "tabs",
        "children": [
          {
            "id": "eca33b3f31ef57c6",
            "type": "leaf",
            "state": {
              "type": "file-explorer",
              "state": {
                "sortOrder": "alphabetical",
                "autoReveal": false
              },
              "icon": "lucide-folder-closed",
              "title": "Files"
            }
          },
          {
            "id": "c6f789c1cf2bd32c",
            "type": "leaf",
            "state": {
              "type": "search",
              "state": {
                "query": "",
                "matchingCase": false,
                "explainSearch": false,
                "collapseAll": false,
                "extraContext": false,
                "sortOrder": "alphabetical"
              },
              "icon": "lucide-search",
              "title": "Search"
            }
          },
          {
            "id": "daa5a9e9f84dff08",
            "type": "leaf",
            "state": {
              "type": "bookmarks",
              "state": {},
              "icon": "lucide-bookmark",
              "title": "Bookmarks"
            }
          }
        ]
      }
    ],
    "direction": "horizontal",
    "width": 300
  },
  "right": {
    "id": "afd6ffe56af25049",
    "type": "split",
    "children": [
      {
        "id": "92a5a83b80dc0919",
        "type": "tabs",
        "children": [
          {
            "id": "0f3192245ce0ad9f",
            "type": "leaf",
            "state": {
              "type": "backlink",
              "state": {
                "file": "featured-mosques-and-personal-stories/index.md",
                "collapseAll": false,
                "extraContext": false,
                "sortOrder": "alphabetical",
                "showSearch": false,
                "searchQuery": "",
                "backlinkCollapsed": false,
                "unlinkedCollapsed": true
              },
              "icon": "links-coming-in",
              "title": "Backlinks for index"
            }
          },
          {
            "id": "572b6d6acfccca6e",
            "type": "leaf",
            "state": {
              "type": "outgoing-link",
              "state": {
                "file": "featured-mosques-and-personal-stories/index.md",
                "linksCollapsed": false,
                "unlinkedCollapsed": true
              },
              "icon": "links-going-out",
              "title": "Outgoing links from index"
            }
          },
          {
            "id": "e500f895b0fa2b34",
            "type": "leaf",
            "state": {
              "type": "tag",
              "state": {
                "sortOrder": "frequency",
                "useHierarchy": true,
                "showSearch": false,
                "searchQuery": ""
              },
              "icon": "lucide-tags",
              "title": "Tags"
            }
          },
          {
            "id": "01b34384d7cc5db8",
            "type": "leaf",
            "state": {
              "type": "outline",
              "state": {
                "file": "featured-mosques-and-personal-stories/index.md",
                "followCursor": false,
                "showSearch": false,
                "searchQuery": ""
              },
              "icon": "lucide-list",
              "title": "Outline of index"
            }
          }
        ]
      }
    ],
    "direction": "horizontal",
    "width": 300,
    "collapsed": true
  },
  "left-ribbon": {
    "hiddenItems": {
      "switcher:Open quick switcher": false,
      "graph:Open graph view": false,
      "canvas:Create new canvas": false,
      "daily-notes:Open today's daily note": false,
      "templates:Insert template": false,
      "command-palette:Open command palette": false,
      "bases:Create new base": false
    }
  },
  "active": "fb88d78a3a1324d0",
  "lastOpenFiles": [
    "index.md",
    "architecture-and-design/index.md",
    "community-and-spiritual-life/index.md",
    "featured-mosques-and-personal-stories/index.md",
    "islam-in-the-american-landscape/index.md",
    "historical-overview/index.md",
    "islam-in-the-american-landscape/islam-in-the-american-landscape.md",
    "featured-mosques-and-personal-stories/featured-mosques-and-personal-stories.md",
    "community-and-spiritual-life/community-and-spiritual-life.md",
    "architecture-and-design/architecture-and-design.md"
  ]
}